{
  "IcoMoonType": "selection",
  "icons": [
    {
      "icon": {
        "paths": [
          "M583.072 230.592l306.72 306.72c28.128 28.128 28.128 74.144 0 102.24l-25.6 25.632c-28.064 28.096-74.112 28.096-102.208 0l-234.080-234.080-234.080 234.080c-28.096 28.096-74.144 28.096-102.208 0l-25.6-25.632c-28.128-28.096-28.128-74.112 0-102.24l306.784-306.72c15.072-15.104 35.296-21.824 55.136-20.704 19.744-1.12 40 5.6 55.136 20.704z"
        ],
        "attrs": [],
        "isMulticolor": false,
        "isMulticolor2": false,
        "grid": 0,
        "tags": [
          "icone"
        ]
      },
      "attrs": [],
      "properties": {
        "order": 3,
        "id": 0,
        "name": "icone",
        "prevSize": 32,
        "code": 59648
      },
      "setIdx": 0,
      "setId": 2,
      "iconIdx": 0
    }
  ],
  "height": 1024,
  "metadata": {
    "name": "icomoon"
  },
  "preferences": {
    "showGlyphs": true,
    "showQuickUse": true,
    "showQuickUse2": true,
    "showSVGs": true,
    "fontPref": {
      "prefix": "icon-",
      "metadata": {
        "fontFamily": "icomoon"
      },
      "metrics": {
        "emSize": 1024,
        "baseline": 6.25,
        "whitespace": 50
      },
      "embed": false
    },
    "imagePref": {
      "prefix": "icon-",
      "png": true,
      "useClassSelector": true,
      "color": 0,
      "bgColor": 16777215,
      "classSelector": ".icon"
    },
    "historySize": 100,
    "showCodes": true,
    "gridSize": 16
  }
}